{
    "predicted": [
        1.453778862953186,
        1.4355714321136475,
        1.4273226261138916,
        1.423736810684204,
        1.4141684770584106,
        1.413138747215271,
        1.4061964750289917,
        1.4037997722625732,
        1.4001041650772095,
        1.393531322479248,
        1.3962122201919556,
        1.384938359260559,
        1.384997010231018,
        1.380024790763855,
        1.3765860795974731,
        1.4567381143569946,
        1.4471101760864258,
        1.4440410137176514,
        1.4378809928894043,
        1.4218553304672241,
        1.4339851140975952,
        1.4272938966751099,
        1.4262299537658691,
        1.4211457967758179,
        1.4141466617584229,
        1.4128427505493164,
        1.4062016010284424,
        1.4057796001434326,
        1.3956819772720337,
        1.3979268074035645,
        1.402907133102417,
        1.3968191146850586,
        1.3951358795166016,
        1.3901857137680054,
        1.387141466140747,
        1.3849081993103027,
        1.3817431926727295,
        1.3878529071807861,
        1.3810396194458008,
        1.382943034172058
    ],
    "actual": [
        1.453778862953186,
        1.4355714321136475,
        1.4273226261138916,
        1.423736810684204,
        1.4141684770584106,
        1.413138747215271,
        1.4061964750289917,
        1.4037997722625732,
        1.4001041650772095,
        1.393531322479248,
        1.3962122201919556,
        1.384938359260559,
        1.384997010231018,
        1.380024790763855,
        1.3765860795974731,
        1.4567381143569946,
        1.4471101760864258,
        1.4440410137176514,
        1.4378809928894043,
        1.4218553304672241,
        1.4200429916381836,
        1.4108529090881348,
        1.4060527086257935,
        1.4014486074447632,
        1.3990633487701416,
        1.3922888040542603,
        1.386044979095459,
        1.374180555343628,
        1.3687739372253418,
        1.3621355295181274,
        1.4265028238296509,
        1.4111509323120117,
        1.4021683931350708,
        1.398377776145935,
        1.3843340873718262,
        1.3899040222167969,
        1.3784477710723877,
        1.3768160343170166,
        1.3830828666687012,
        1.3639508485794067
    ],
    "x_indices": [
        90,
        91,
        92,
        93,
        94,
        95,
        96,
        97,
        98,
        99,
        100,
        101,
        102,
        103,
        104,
        105,
        106,
        107,
        108,
        109,
        110,
        111,
        112,
        113,
        114,
        115,
        116,
        117,
        118,
        119,
        120,
        121,
        122,
        123,
        124,
        125,
        126,
        127,
        128,
        129
    ],
    "eol_i_predict": 3,
    "eol_i_actual": 3
}